model,label,t,dataset,seed,value
linear,Linear,6,0,0,0.412
linear,Linear,6,1,0,0.324
linear,Linear,6,2,0,0.584
linear,Linear,6,3,0,0.57
linear,Linear,6,4,0,1.022
linear,Linear,6,5,0,0.531
linear,Linear,6,6,0,0.354
linear,Linear,6,7,0,0.761
linear,Linear,6,8,0,0.467
linear,Linear,6,9,0,0.66
linear,Linear,12,0,0,0.626
linear,Linear,12,1,0,0.497
linear,Linear,12,2,0,0.742
linear,Linear,12,3,0,0.934
linear,Linear,12,4,0,1.678
linear,Linear,12,5,0,0.745
linear,Linear,12,6,0,0.535
linear,Linear,12,7,0,1.25
linear,Linear,12,8,0,0.609
linear,Linear,12,9,0,0.958
rope,Rope,6,0,0,0.338
rope,Rope,6,0,1,0.353
rope,Rope,6,0,2,0.342
rope,Rope,6,0,3,0.359
rope,Rope,6,0,4,0.343
rope,Rope,6,0,5,0.333
rope,Rope,6,0,6,0.357
rope,Rope,6,0,7,0.334
rope,Rope,6,0,8,0.353
rope,Rope,6,0,9,0.332
rope,Rope,6,1,0,0.298
rope,Rope,6,1,1,0.277
rope,Rope,6,1,2,0.287
rope,Rope,6,1,3,0.294
rope,Rope,6,1,4,0.309
rope,Rope,6,1,5,0.306
rope,Rope,6,1,6,0.329
rope,Rope,6,1,7,0.274
rope,Rope,6,1,8,0.277
rope,Rope,6,1,9,0.312
rope,Rope,6,2,0,0.552
rope,Rope,6,2,1,0.505
rope,Rope,6,2,2,0.498
rope,Rope,6,2,3,0.484
rope,Rope,6,2,4,0.533
rope,Rope,6,2,5,0.486
rope,Rope,6,2,6,0.496
rope,Rope,6,2,7,0.493
rope,Rope,6,2,8,0.48
rope,Rope,6,2,9,0.503
rope,Rope,6,3,0,0.455
rope,Rope,6,3,1,0.476
rope,Rope,6,3,2,0.474
rope,Rope,6,3,3,0.482
rope,Rope,6,3,4,0.447
rope,Rope,6,3,5,0.426
rope,Rope,6,3,6,0.488
rope,Rope,6,3,7,0.536
rope,Rope,6,3,8,0.474
rope,Rope,6,3,9,0.46
rope,Rope,6,4,0,0.967
rope,Rope,6,4,1,0.917
rope,Rope,6,4,2,0.915
rope,Rope,6,4,3,0.937
rope,Rope,6,4,4,1.048
rope,Rope,6,4,5,0.913
rope,Rope,6,4,6,0.929
rope,Rope,6,4,7,0.959
rope,Rope,6,4,8,0.976
rope,Rope,6,4,9,0.916
rope,Rope,6,5,0,0.441
rope,Rope,6,5,1,0.459
rope,Rope,6,5,2,0.452
rope,Rope,6,5,3,0.486
rope,Rope,6,5,4,0.493
rope,Rope,6,5,5,0.452
rope,Rope,6,5,6,0.448
rope,Rope,6,5,7,0.448
rope,Rope,6,5,8,0.47
rope,Rope,6,5,9,0.472
rope,Rope,6,6,0,0.312
rope,Rope,6,6,1,0.313
rope,Rope,6,6,2,0.319
rope,Rope,6,6,3,0.307
rope,Rope,6,6,4,0.303
rope,Rope,6,6,5,0.305
rope,Rope,6,6,6,0.339
rope,Rope,6,6,7,0.331
rope,Rope,6,6,8,0.297
rope,Rope,6,6,9,0.316
rope,Rope,6,7,0,0.711
rope,Rope,6,7,1,0.695
rope,Rope,6,7,2,0.71
rope,Rope,6,7,3,0.65
rope,Rope,6,7,4,0.671
rope,Rope,6,7,5,0.665
rope,Rope,6,7,6,0.588
rope,Rope,6,7,7,0.584
rope,Rope,6,7,8,0.618
rope,Rope,6,7,9,0.681
rope,Rope,6,8,0,0.441
rope,Rope,6,8,1,0.436
rope,Rope,6,8,2,0.414
rope,Rope,6,8,3,0.415
rope,Rope,6,8,4,0.463
rope,Rope,6,8,5,0.455
rope,Rope,6,8,6,0.428
rope,Rope,6,8,7,0.428
rope,Rope,6,8,8,0.479
rope,Rope,6,8,9,0.43
rope,Rope,6,9,0,0.556
rope,Rope,6,9,1,0.569
rope,Rope,6,9,2,0.565
rope,Rope,6,9,3,0.497
rope,Rope,6,9,4,0.561
rope,Rope,6,9,5,0.517
rope,Rope,6,9,6,0.558
rope,Rope,6,9,7,0.595
rope,Rope,6,9,8,0.597
rope,Rope,6,9,9,0.601
rope,Rope,12,0,0,0.582
rope,Rope,12,0,1,0.61
rope,Rope,12,0,2,0.568
rope,Rope,12,0,3,0.598
rope,Rope,12,0,4,0.576
rope,Rope,12,0,5,0.576
rope,Rope,12,0,6,0.559
rope,Rope,12,0,7,0.589
rope,Rope,12,0,8,0.595
rope,Rope,12,0,9,0.565
rope,Rope,12,1,0,0.432
rope,Rope,12,1,1,0.447
rope,Rope,12,1,2,0.427
rope,Rope,12,1,3,0.472
rope,Rope,12,1,4,0.449
rope,Rope,12,1,5,0.463
rope,Rope,12,1,6,0.461
rope,Rope,12,1,7,0.426
rope,Rope,12,1,8,0.445
rope,Rope,12,1,9,0.451
rope,Rope,12,2,0,0.74
rope,Rope,12,2,1,0.756
rope,Rope,12,2,2,0.712
rope,Rope,12,2,3,0.726
rope,Rope,12,2,4,0.666
rope,Rope,12,2,5,0.702
rope,Rope,12,2,6,0.742
rope,Rope,12,2,7,0.708
rope,Rope,12,2,8,0.726
rope,Rope,12,2,9,0.691
rope,Rope,12,3,0,0.767
rope,Rope,12,3,1,0.813
rope,Rope,12,3,2,0.81
rope,Rope,12,3,3,0.862
rope,Rope,12,3,4,0.77
rope,Rope,12,3,5,0.767
rope,Rope,12,3,6,0.87
rope,Rope,12,3,7,0.815
rope,Rope,12,3,8,0.785
rope,Rope,12,3,9,0.787
rope,Rope,12,4,0,1.585
rope,Rope,12,4,1,1.548
rope,Rope,12,4,2,1.599
rope,Rope,12,4,3,1.613
rope,Rope,12,4,4,1.641
rope,Rope,12,4,5,1.563
rope,Rope,12,4,6,1.603
rope,Rope,12,4,7,1.521
rope,Rope,12,4,8,1.604
rope,Rope,12,4,9,1.565
rope,Rope,12,5,0,0.662
rope,Rope,12,5,1,0.705
rope,Rope,12,5,2,0.692
rope,Rope,12,5,3,0.691
rope,Rope,12,5,4,0.694
rope,Rope,12,5,5,0.676
rope,Rope,12,5,6,0.673
rope,Rope,12,5,7,0.646
rope,Rope,12,5,8,0.681
rope,Rope,12,5,9,0.717
rope,Rope,12,6,0,0.495
rope,Rope,12,6,1,0.489
rope,Rope,12,6,2,0.516
rope,Rope,12,6,3,0.518
rope,Rope,12,6,4,0.501
rope,Rope,12,6,5,0.479
rope,Rope,12,6,6,0.501
rope,Rope,12,6,7,0.491
rope,Rope,12,6,8,0.55
rope,Rope,12,6,9,0.518
rope,Rope,12,7,0,1.217
rope,Rope,12,7,1,1.238
rope,Rope,12,7,2,1.217
rope,Rope,12,7,3,1.157
rope,Rope,12,7,4,1.156
rope,Rope,12,7,5,1.122
rope,Rope,12,7,6,1.172
rope,Rope,12,7,7,1.196
rope,Rope,12,7,8,1.128
rope,Rope,12,7,9,1.175
rope,Rope,12,8,0,0.653
rope,Rope,12,8,1,0.62
rope,Rope,12,8,2,0.611
rope,Rope,12,8,3,0.636
rope,Rope,12,8,4,0.593
rope,Rope,12,8,5,0.617
rope,Rope,12,8,6,0.568
rope,Rope,12,8,7,0.639
rope,Rope,12,8,8,0.629
rope,Rope,12,8,9,0.641
rope,Rope,12,9,0,0.934
rope,Rope,12,9,1,0.881
rope,Rope,12,9,2,0.885
rope,Rope,12,9,3,0.867
rope,Rope,12,9,4,0.887
rope,Rope,12,9,5,0.865
rope,Rope,12,9,6,0.861
rope,Rope,12,9,7,0.89
rope,Rope,12,9,8,0.863
rope,Rope,12,9,9,0.861
zero,Zero,6,0,0,0.324
zero,Zero,6,0,1,0.344
zero,Zero,6,0,2,0.344
zero,Zero,6,0,3,0.343
zero,Zero,6,0,4,0.356
zero,Zero,6,0,5,0.32
zero,Zero,6,0,6,0.323
zero,Zero,6,0,7,0.325
zero,Zero,6,0,8,0.329
zero,Zero,6,0,9,0.33
zero,Zero,6,1,0,0.288
zero,Zero,6,1,1,0.279
zero,Zero,6,1,2,0.28
zero,Zero,6,1,3,0.285
zero,Zero,6,1,4,0.276
zero,Zero,6,1,5,0.276
zero,Zero,6,1,6,0.27
zero,Zero,6,1,7,0.294
zero,Zero,6,1,8,0.275
zero,Zero,6,1,9,0.329
zero,Zero,6,2,0,0.525
zero,Zero,6,2,1,0.498
zero,Zero,6,2,2,0.509
zero,Zero,6,2,3,0.495
zero,Zero,6,2,4,0.507
zero,Zero,6,2,5,0.507
zero,Zero,6,2,6,0.514
zero,Zero,6,2,7,0.492
zero,Zero,6,2,8,0.525
zero,Zero,6,2,9,0.489
zero,Zero,6,3,0,0.484
zero,Zero,6,3,1,0.493
zero,Zero,6,3,2,0.445
zero,Zero,6,3,3,0.482
zero,Zero,6,3,4,0.464
zero,Zero,6,3,5,0.447
zero,Zero,6,3,6,0.49
zero,Zero,6,3,7,0.452
zero,Zero,6,3,8,0.461
zero,Zero,6,3,9,0.418
zero,Zero,6,4,0,0.777
zero,Zero,6,4,1,0.854
zero,Zero,6,4,2,0.864
zero,Zero,6,4,3,0.877
zero,Zero,6,4,4,0.899
zero,Zero,6,4,5,0.915
zero,Zero,6,4,6,0.933
zero,Zero,6,4,7,0.892
zero,Zero,6,4,8,0.889
zero,Zero,6,4,9,0.908
zero,Zero,6,5,0,0.448
zero,Zero,6,5,1,0.453
zero,Zero,6,5,2,0.434
zero,Zero,6,5,3,0.454
zero,Zero,6,5,4,0.451
zero,Zero,6,5,5,0.446
zero,Zero,6,5,6,0.455
zero,Zero,6,5,7,0.436
zero,Zero,6,5,8,0.449
zero,Zero,6,5,9,0.441
zero,Zero,6,6,0,0.288
zero,Zero,6,6,1,0.292
zero,Zero,6,6,2,0.287
zero,Zero,6,6,3,0.304
zero,Zero,6,6,4,0.288
zero,Zero,6,6,5,0.299
zero,Zero,6,6,6,0.301
zero,Zero,6,6,7,0.313
zero,Zero,6,6,8,0.295
zero,Zero,6,6,9,0.293
zero,Zero,6,7,0,0.568
zero,Zero,6,7,1,0.685
zero,Zero,6,7,2,0.653
zero,Zero,6,7,3,0.65
zero,Zero,6,7,4,0.625
zero,Zero,6,7,5,0.666
zero,Zero,6,7,6,0.548
zero,Zero,6,7,7,0.75
zero,Zero,6,7,8,0.575
zero,Zero,6,7,9,0.615
zero,Zero,6,8,0,0.413
zero,Zero,6,8,1,0.412
zero,Zero,6,8,2,0.453
zero,Zero,6,8,3,0.394
zero,Zero,6,8,4,0.409
zero,Zero,6,8,5,0.415
zero,Zero,6,8,6,0.404
zero,Zero,6,8,7,0.434
zero,Zero,6,8,8,0.392
zero,Zero,6,8,9,0.425
zero,Zero,6,9,0,0.562
zero,Zero,6,9,1,0.54
zero,Zero,6,9,2,0.564
zero,Zero,6,9,3,0.539
zero,Zero,6,9,4,0.6
zero,Zero,6,9,5,0.59
zero,Zero,6,9,6,0.527
zero,Zero,6,9,7,0.504
zero,Zero,6,9,8,0.559
zero,Zero,6,9,9,0.57
zero,Zero,12,0,0,0.555
zero,Zero,12,0,1,0.541
zero,Zero,12,0,2,0.557
zero,Zero,12,0,3,0.573
zero,Zero,12,0,4,0.574
zero,Zero,12,0,5,0.551
zero,Zero,12,0,6,0.561
zero,Zero,12,0,7,0.575
zero,Zero,12,0,8,0.553
zero,Zero,12,0,9,0.549
zero,Zero,12,1,0,0.513
zero,Zero,12,1,1,0.458
zero,Zero,12,1,2,0.496
zero,Zero,12,1,3,0.454
zero,Zero,12,1,4,0.483
zero,Zero,12,1,5,0.435
zero,Zero,12,1,6,0.43
zero,Zero,12,1,7,0.436
zero,Zero,12,1,8,0.419
zero,Zero,12,1,9,0.432
zero,Zero,12,2,0,0.712
zero,Zero,12,2,1,0.759
zero,Zero,12,2,2,0.744
zero,Zero,12,2,3,0.751
zero,Zero,12,2,4,0.695
zero,Zero,12,2,5,0.721
zero,Zero,12,2,6,0.67
zero,Zero,12,2,7,0.762
zero,Zero,12,2,8,0.762
zero,Zero,12,2,9,0.687
zero,Zero,12,3,0,0.77
zero,Zero,12,3,1,0.77
zero,Zero,12,3,2,0.824
zero,Zero,12,3,3,0.771
zero,Zero,12,3,4,0.765
zero,Zero,12,3,5,0.848
zero,Zero,12,3,6,0.729
zero,Zero,12,3,7,0.83
zero,Zero,12,3,8,0.763
zero,Zero,12,3,9,0.798
zero,Zero,12,4,0,1.457
zero,Zero,12,4,1,1.582
zero,Zero,12,4,2,1.627
zero,Zero,12,4,3,1.5
zero,Zero,12,4,4,1.517
zero,Zero,12,4,5,1.61
zero,Zero,12,4,6,1.547
zero,Zero,12,4,7,1.528
zero,Zero,12,4,8,1.623
zero,Zero,12,4,9,1.626
zero,Zero,12,5,0,0.667
zero,Zero,12,5,1,0.676
zero,Zero,12,5,2,0.668
zero,Zero,12,5,3,0.677
zero,Zero,12,5,4,0.676
zero,Zero,12,5,5,0.708
zero,Zero,12,5,6,0.688
zero,Zero,12,5,7,0.656
zero,Zero,12,5,8,0.642
zero,Zero,12,5,9,0.647
zero,Zero,12,6,0,0.487
zero,Zero,12,6,1,0.498
zero,Zero,12,6,2,0.459
zero,Zero,12,6,3,0.497
zero,Zero,12,6,4,0.464
zero,Zero,12,6,5,0.498
zero,Zero,12,6,6,0.488
zero,Zero,12,6,7,0.484
zero,Zero,12,6,8,0.499
zero,Zero,12,6,9,0.499
zero,Zero,12,7,0,1.112
zero,Zero,12,7,1,1.152
zero,Zero,12,7,2,1.078
zero,Zero,12,7,3,1.146
zero,Zero,12,7,4,1.212
zero,Zero,12,7,5,1.103
zero,Zero,12,7,6,1.169
zero,Zero,12,7,7,1.032
zero,Zero,12,7,8,1.161
zero,Zero,12,7,9,1.119
zero,Zero,12,8,0,0.564
zero,Zero,12,8,1,0.616
zero,Zero,12,8,2,0.604
zero,Zero,12,8,3,0.608
zero,Zero,12,8,4,0.588
zero,Zero,12,8,5,0.598
zero,Zero,12,8,6,0.632
zero,Zero,12,8,7,0.585
zero,Zero,12,8,8,0.609
zero,Zero,12,8,9,0.554
zero,Zero,12,9,0,0.85
zero,Zero,12,9,1,0.821
zero,Zero,12,9,2,0.872
zero,Zero,12,9,3,0.901
zero,Zero,12,9,4,0.851
zero,Zero,12,9,5,0.88
zero,Zero,12,9,6,0.825
zero,Zero,12,9,7,0.86
zero,Zero,12,9,8,0.823
zero,Zero,12,9,9,0.897
sin,Sin,6,0,0,0.351
sin,Sin,6,0,1,0.347
sin,Sin,6,0,2,0.337
sin,Sin,6,0,3,0.344
sin,Sin,6,0,4,0.358
sin,Sin,6,0,5,0.352
sin,Sin,6,0,6,0.326
sin,Sin,6,0,7,0.319
sin,Sin,6,0,8,0.356
sin,Sin,6,0,9,0.333
sin,Sin,6,1,0,0.265
sin,Sin,6,1,1,0.279
sin,Sin,6,1,2,0.258
sin,Sin,6,1,3,0.274
sin,Sin,6,1,4,0.281
sin,Sin,6,1,5,0.284
sin,Sin,6,1,6,0.289
sin,Sin,6,1,7,0.276
sin,Sin,6,1,8,0.271
sin,Sin,6,1,9,0.299
sin,Sin,6,2,0,0.504
sin,Sin,6,2,1,0.508
sin,Sin,6,2,2,0.502
sin,Sin,6,2,3,0.492
sin,Sin,6,2,4,0.527
sin,Sin,6,2,5,0.483
sin,Sin,6,2,6,0.535
sin,Sin,6,2,7,0.511
sin,Sin,6,2,8,0.505
sin,Sin,6,2,9,0.485
sin,Sin,6,3,0,0.51
sin,Sin,6,3,1,0.492
sin,Sin,6,3,2,0.447
sin,Sin,6,3,3,0.486
sin,Sin,6,3,4,0.475
sin,Sin,6,3,5,0.481
sin,Sin,6,3,6,0.456
sin,Sin,6,3,7,0.531
sin,Sin,6,3,8,0.461
sin,Sin,6,3,9,0.454
sin,Sin,6,4,0,0.953
sin,Sin,6,4,1,0.982
sin,Sin,6,4,2,0.895
sin,Sin,6,4,3,0.883
sin,Sin,6,4,4,0.991
sin,Sin,6,4,5,0.881
sin,Sin,6,4,6,0.932
sin,Sin,6,4,7,1.027
sin,Sin,6,4,8,0.99
sin,Sin,6,4,9,0.845
sin,Sin,6,5,0,0.44
sin,Sin,6,5,1,0.487
sin,Sin,6,5,2,0.445
sin,Sin,6,5,3,0.449
sin,Sin,6,5,4,0.431
sin,Sin,6,5,5,0.441
sin,Sin,6,5,6,0.441
sin,Sin,6,5,7,0.473
sin,Sin,6,5,8,0.445
sin,Sin,6,5,9,0.452
sin,Sin,6,6,0,0.3
sin,Sin,6,6,1,0.307
sin,Sin,6,6,2,0.285
sin,Sin,6,6,3,0.292
sin,Sin,6,6,4,0.295
sin,Sin,6,6,5,0.286
sin,Sin,6,6,6,0.299
sin,Sin,6,6,7,0.293
sin,Sin,6,6,8,0.301
sin,Sin,6,6,9,0.321
sin,Sin,6,7,0,0.672
sin,Sin,6,7,1,0.698
sin,Sin,6,7,2,0.68
sin,Sin,6,7,3,0.676
sin,Sin,6,7,4,0.739
sin,Sin,6,7,5,0.608
sin,Sin,6,7,6,0.636
sin,Sin,6,7,7,0.729
sin,Sin,6,7,8,0.613
sin,Sin,6,7,9,0.675
sin,Sin,6,8,0,0.408
sin,Sin,6,8,1,0.408
sin,Sin,6,8,2,0.41
sin,Sin,6,8,3,0.401
sin,Sin,6,8,4,0.441
sin,Sin,6,8,5,0.419
sin,Sin,6,8,6,0.438
sin,Sin,6,8,7,0.404
sin,Sin,6,8,8,0.407
sin,Sin,6,8,9,0.411
sin,Sin,6,9,0,0.552
sin,Sin,6,9,1,0.579
sin,Sin,6,9,2,0.428
sin,Sin,6,9,3,0.567
sin,Sin,6,9,4,0.609
sin,Sin,6,9,5,0.551
sin,Sin,6,9,6,0.528
sin,Sin,6,9,7,0.534
sin,Sin,6,9,8,0.555
sin,Sin,6,9,9,0.519
sin,Sin,12,0,0,0.558
sin,Sin,12,0,1,0.584
sin,Sin,12,0,2,0.555
sin,Sin,12,0,3,0.54
sin,Sin,12,0,4,0.595
sin,Sin,12,0,5,0.582
sin,Sin,12,0,6,0.592
sin,Sin,12,0,7,0.525
sin,Sin,12,0,8,0.591
sin,Sin,12,0,9,0.574
sin,Sin,12,1,0,0.465
sin,Sin,12,1,1,0.427
sin,Sin,12,1,2,0.417
sin,Sin,12,1,3,0.422
sin,Sin,12,1,4,0.435
sin,Sin,12,1,5,0.463
sin,Sin,12,1,6,0.449
sin,Sin,12,1,7,0.424
sin,Sin,12,1,8,0.442
sin,Sin,12,1,9,0.434
sin,Sin,12,2,0,0.662
sin,Sin,12,2,1,0.726
sin,Sin,12,2,2,0.724
sin,Sin,12,2,3,0.698
sin,Sin,12,2,4,0.696
sin,Sin,12,2,5,0.762
sin,Sin,12,2,6,0.743
sin,Sin,12,2,7,0.719
sin,Sin,12,2,8,0.708
sin,Sin,12,2,9,0.774
sin,Sin,12,3,0,0.783
sin,Sin,12,3,1,0.762
sin,Sin,12,3,2,0.886
sin,Sin,12,3,3,0.804
sin,Sin,12,3,4,0.75
sin,Sin,12,3,5,0.851
sin,Sin,12,3,6,0.772
sin,Sin,12,3,7,0.825
sin,Sin,12,3,8,0.746
sin,Sin,12,3,9,0.797
sin,Sin,12,4,0,1.615
sin,Sin,12,4,1,1.522
sin,Sin,12,4,2,1.543
sin,Sin,12,4,3,1.601
sin,Sin,12,4,4,1.592
sin,Sin,12,4,5,1.596
sin,Sin,12,4,6,1.591
sin,Sin,12,4,7,1.663
sin,Sin,12,4,8,1.669
sin,Sin,12,4,9,1.618
sin,Sin,12,5,0,0.663
sin,Sin,12,5,1,0.657
sin,Sin,12,5,2,0.678
sin,Sin,12,5,3,0.649
sin,Sin,12,5,4,0.671
sin,Sin,12,5,5,0.693
sin,Sin,12,5,6,0.651
sin,Sin,12,5,7,0.652
sin,Sin,12,5,8,0.644
sin,Sin,12,5,9,0.684
sin,Sin,12,6,0,0.486
sin,Sin,12,6,1,0.486
sin,Sin,12,6,2,0.436
sin,Sin,12,6,3,0.492
sin,Sin,12,6,4,0.493
sin,Sin,12,6,5,0.498
sin,Sin,12,6,6,0.454
sin,Sin,12,6,7,0.499
sin,Sin,12,6,8,0.483
sin,Sin,12,6,9,0.447
sin,Sin,12,7,0,1.221
sin,Sin,12,7,1,1.119
sin,Sin,12,7,2,1.127
sin,Sin,12,7,3,1.221
sin,Sin,12,7,4,1.179
sin,Sin,12,7,5,1.224
sin,Sin,12,7,6,1.155
sin,Sin,12,7,7,1.186
sin,Sin,12,7,8,1.161
sin,Sin,12,7,9,1.149
sin,Sin,12,8,0,0.644
sin,Sin,12,8,1,0.593
sin,Sin,12,8,2,0.546
sin,Sin,12,8,3,0.593
sin,Sin,12,8,4,0.612
sin,Sin,12,8,5,0.599
sin,Sin,12,8,6,0.607
sin,Sin,12,8,7,0.608
sin,Sin,12,8,8,0.616
sin,Sin,12,8,9,0.677
sin,Sin,12,9,0,0.929
sin,Sin,12,9,1,0.879
sin,Sin,12,9,2,0.896
sin,Sin,12,9,3,0.818
sin,Sin,12,9,4,0.932
sin,Sin,12,9,5,0.86
sin,Sin,12,9,6,0.91
sin,Sin,12,9,7,0.926
sin,Sin,12,9,8,0.872
sin,Sin,12,9,9,0.894
nn,Nn,6,0,0,0.481
nn,Nn,6,0,1,0.488
nn,Nn,6,0,2,0.45
nn,Nn,6,0,3,0.475
nn,Nn,6,0,4,0.437
nn,Nn,6,0,5,0.507
nn,Nn,6,0,6,0.438
nn,Nn,6,0,7,0.417
nn,Nn,6,0,8,0.411
nn,Nn,6,0,9,0.494
nn,Nn,6,1,0,0.374
nn,Nn,6,1,1,0.341
nn,Nn,6,1,2,0.326
nn,Nn,6,1,3,0.387
nn,Nn,6,1,4,0.368
nn,Nn,6,1,5,0.342
nn,Nn,6,1,6,0.358
nn,Nn,6,1,7,0.358
nn,Nn,6,1,8,0.33
nn,Nn,6,1,9,0.349
nn,Nn,6,2,0,0.609
nn,Nn,6,2,1,0.57
nn,Nn,6,2,2,0.549
nn,Nn,6,2,3,0.517
nn,Nn,6,2,4,0.575
nn,Nn,6,2,5,0.502
nn,Nn,6,2,6,0.56
nn,Nn,6,2,7,0.535
nn,Nn,6,2,8,0.513
nn,Nn,6,2,9,0.61
nn,Nn,6,3,0,0.589
nn,Nn,6,3,1,0.554
nn,Nn,6,3,2,0.583
nn,Nn,6,3,3,0.54
nn,Nn,6,3,4,0.571
nn,Nn,6,3,5,0.595
nn,Nn,6,3,6,0.588
nn,Nn,6,3,7,0.516
nn,Nn,6,3,8,0.579
nn,Nn,6,3,9,0.529
nn,Nn,6,4,0,0.864
nn,Nn,6,4,1,0.896
nn,Nn,6,4,2,0.892
nn,Nn,6,4,3,0.883
nn,Nn,6,4,4,0.902
nn,Nn,6,4,5,0.934
nn,Nn,6,4,6,0.93
nn,Nn,6,4,7,0.927
nn,Nn,6,4,8,0.91
nn,Nn,6,4,9,0.975
nn,Nn,6,5,0,0.537
nn,Nn,6,5,1,0.495
nn,Nn,6,5,2,0.524
nn,Nn,6,5,3,0.525
nn,Nn,6,5,4,0.531
nn,Nn,6,5,5,0.557
nn,Nn,6,5,6,0.571
nn,Nn,6,5,7,0.517
nn,Nn,6,5,8,0.513
nn,Nn,6,5,9,0.517
nn,Nn,6,6,0,0.407
nn,Nn,6,6,1,0.388
nn,Nn,6,6,2,0.389
nn,Nn,6,6,3,0.385
nn,Nn,6,6,4,0.366
nn,Nn,6,6,5,0.378
nn,Nn,6,6,6,0.425
nn,Nn,6,6,7,0.402
nn,Nn,6,6,8,0.409
nn,Nn,6,6,9,0.379
nn,Nn,6,7,0,0.681
nn,Nn,6,7,1,0.73
nn,Nn,6,7,2,0.75
nn,Nn,6,7,3,0.643
nn,Nn,6,7,4,0.703
nn,Nn,6,7,5,0.733
nn,Nn,6,7,6,0.614
nn,Nn,6,7,7,0.661
nn,Nn,6,7,8,0.612
nn,Nn,6,7,9,0.706
nn,Nn,6,8,0,0.482
nn,Nn,6,8,1,0.464
nn,Nn,6,8,2,0.513
nn,Nn,6,8,3,0.485
nn,Nn,6,8,4,0.492
nn,Nn,6,8,5,0.478
nn,Nn,6,8,6,0.502
nn,Nn,6,8,7,0.511
nn,Nn,6,8,8,0.513
nn,Nn,6,8,9,0.546
nn,Nn,6,9,0,0.553
nn,Nn,6,9,1,0.601
nn,Nn,6,9,2,0.595
nn,Nn,6,9,3,0.576
nn,Nn,6,9,4,0.539
nn,Nn,6,9,5,0.602
nn,Nn,6,9,6,0.578
nn,Nn,6,9,7,0.679
nn,Nn,6,9,8,0.58
nn,Nn,6,9,9,0.487
nn,Nn,12,0,0,0.622
nn,Nn,12,0,1,0.639
nn,Nn,12,0,2,0.672
nn,Nn,12,0,3,0.629
nn,Nn,12,0,4,0.65
nn,Nn,12,0,5,0.634
nn,Nn,12,0,6,0.655
nn,Nn,12,0,7,0.69
nn,Nn,12,0,8,0.641
nn,Nn,12,0,9,0.655
nn,Nn,12,1,0,0.547
nn,Nn,12,1,1,0.509
nn,Nn,12,1,2,0.501
nn,Nn,12,1,3,0.505
nn,Nn,12,1,4,0.501
nn,Nn,12,1,5,0.508
nn,Nn,12,1,6,0.599
nn,Nn,12,1,7,0.515
nn,Nn,12,1,8,0.491
nn,Nn,12,1,9,0.472
nn,Nn,12,2,0,0.732
nn,Nn,12,2,1,0.691
nn,Nn,12,2,2,0.71
nn,Nn,12,2,3,0.774
nn,Nn,12,2,4,0.711
nn,Nn,12,2,5,0.731
nn,Nn,12,2,6,0.753
nn,Nn,12,2,7,0.658
nn,Nn,12,2,8,0.7
nn,Nn,12,2,9,0.754
nn,Nn,12,3,0,0.759
nn,Nn,12,3,1,0.813
nn,Nn,12,3,2,0.859
nn,Nn,12,3,3,0.823
nn,Nn,12,3,4,0.812
nn,Nn,12,3,5,0.842
nn,Nn,12,3,6,0.8
nn,Nn,12,3,7,0.909
nn,Nn,12,3,8,0.789
nn,Nn,12,3,9,0.831
nn,Nn,12,4,0,1.525
nn,Nn,12,4,1,1.494
nn,Nn,12,4,2,1.524
nn,Nn,12,4,3,1.522
nn,Nn,12,4,4,1.508
nn,Nn,12,4,5,1.5
nn,Nn,12,4,6,1.505
nn,Nn,12,4,7,1.495
nn,Nn,12,4,8,1.503
nn,Nn,12,4,9,1.52
nn,Nn,12,5,0,0.69
nn,Nn,12,5,1,0.716
nn,Nn,12,5,2,0.665
nn,Nn,12,5,3,0.719
nn,Nn,12,5,4,0.75
nn,Nn,12,5,5,0.706
nn,Nn,12,5,6,0.697
nn,Nn,12,5,7,0.723
nn,Nn,12,5,8,0.742
nn,Nn,12,5,9,0.695
nn,Nn,12,6,0,0.522
nn,Nn,12,6,1,0.541
nn,Nn,12,6,2,0.506
nn,Nn,12,6,3,0.553
nn,Nn,12,6,4,0.607
nn,Nn,12,6,5,0.52
nn,Nn,12,6,6,0.56
nn,Nn,12,6,7,0.525
nn,Nn,12,6,8,0.527
nn,Nn,12,6,9,0.509
nn,Nn,12,7,0,1.203
nn,Nn,12,7,1,1.187
nn,Nn,12,7,2,1.198
nn,Nn,12,7,3,1.24
nn,Nn,12,7,4,1.206
nn,Nn,12,7,5,1.211
nn,Nn,12,7,6,1.146
nn,Nn,12,7,7,1.143
nn,Nn,12,7,8,1.154
nn,Nn,12,7,9,1.146
nn,Nn,12,8,0,0.614
nn,Nn,12,8,1,0.6
nn,Nn,12,8,2,0.669
nn,Nn,12,8,3,0.59
nn,Nn,12,8,4,0.632
nn,Nn,12,8,5,0.643
nn,Nn,12,8,6,0.655
nn,Nn,12,8,7,0.636
nn,Nn,12,8,8,0.614
nn,Nn,12,8,9,0.641
nn,Nn,12,9,0,0.85
nn,Nn,12,9,1,0.869
nn,Nn,12,9,2,0.88
nn,Nn,12,9,3,0.843
nn,Nn,12,9,4,0.921
nn,Nn,12,9,5,0.843
nn,Nn,12,9,6,0.83
nn,Nn,12,9,7,0.93
nn,Nn,12,9,8,0.824
nn,Nn,12,9,9,0.822
rnn,Rnn,6,0,0,0.407
rnn,Rnn,6,0,1,0.376
rnn,Rnn,6,0,2,0.401
rnn,Rnn,6,0,3,0.405
rnn,Rnn,6,0,4,0.372
rnn,Rnn,6,0,5,0.412
rnn,Rnn,6,0,6,0.408
rnn,Rnn,6,0,7,0.425
rnn,Rnn,6,0,8,0.378
rnn,Rnn,6,0,9,0.411
rnn,Rnn,6,1,0,0.289
rnn,Rnn,6,1,1,0.319
rnn,Rnn,6,1,2,0.308
rnn,Rnn,6,1,3,0.294
rnn,Rnn,6,1,4,0.295
rnn,Rnn,6,1,5,0.292
rnn,Rnn,6,1,6,0.311
rnn,Rnn,6,1,7,0.319
rnn,Rnn,6,1,8,0.282
rnn,Rnn,6,1,9,0.294
rnn,Rnn,6,2,0,0.525
rnn,Rnn,6,2,1,0.528
rnn,Rnn,6,2,2,0.523
rnn,Rnn,6,2,3,0.497
rnn,Rnn,6,2,4,0.563
rnn,Rnn,6,2,5,0.582
rnn,Rnn,6,2,6,0.528
rnn,Rnn,6,2,7,0.52
rnn,Rnn,6,2,8,0.521
rnn,Rnn,6,2,9,0.498
rnn,Rnn,6,3,0,0.575
rnn,Rnn,6,3,1,0.543
rnn,Rnn,6,3,2,0.555
rnn,Rnn,6,3,3,0.611
rnn,Rnn,6,3,4,0.609
rnn,Rnn,6,3,5,0.602
rnn,Rnn,6,3,6,0.545
rnn,Rnn,6,3,7,0.585
rnn,Rnn,6,3,8,0.592
rnn,Rnn,6,3,9,0.542
rnn,Rnn,6,4,0,0.829
rnn,Rnn,6,4,1,0.886
rnn,Rnn,6,4,2,0.884
rnn,Rnn,6,4,3,1.072
rnn,Rnn,6,4,4,0.874
rnn,Rnn,6,4,5,0.983
rnn,Rnn,6,4,6,0.775
rnn,Rnn,6,4,7,0.998
rnn,Rnn,6,4,8,0.929
rnn,Rnn,6,4,9,0.878
rnn,Rnn,6,5,0,0.536
rnn,Rnn,6,5,1,0.535
rnn,Rnn,6,5,2,0.518
rnn,Rnn,6,5,3,0.511
rnn,Rnn,6,5,4,0.475
rnn,Rnn,6,5,5,0.483
rnn,Rnn,6,5,6,0.51
rnn,Rnn,6,5,7,0.459
rnn,Rnn,6,5,8,0.49
rnn,Rnn,6,5,9,0.494
rnn,Rnn,6,6,0,0.32
rnn,Rnn,6,6,1,0.321
rnn,Rnn,6,6,2,0.306
rnn,Rnn,6,6,3,0.336
rnn,Rnn,6,6,4,0.315
rnn,Rnn,6,6,5,0.35
rnn,Rnn,6,6,6,0.339
rnn,Rnn,6,6,7,0.316
rnn,Rnn,6,6,8,0.332
rnn,Rnn,6,6,9,0.327
rnn,Rnn,6,7,0,0.719
rnn,Rnn,6,7,1,0.727
rnn,Rnn,6,7,2,0.825
rnn,Rnn,6,7,3,0.643
rnn,Rnn,6,7,4,0.641
rnn,Rnn,6,7,5,0.734
rnn,Rnn,6,7,6,0.682
rnn,Rnn,6,7,7,0.797
rnn,Rnn,6,7,8,0.788
rnn,Rnn,6,7,9,0.685
rnn,Rnn,6,8,0,0.449
rnn,Rnn,6,8,1,0.425
rnn,Rnn,6,8,2,0.449
rnn,Rnn,6,8,3,0.439
rnn,Rnn,6,8,4,0.469
rnn,Rnn,6,8,5,0.436
rnn,Rnn,6,8,6,0.446
rnn,Rnn,6,8,7,0.469
rnn,Rnn,6,8,8,0.469
rnn,Rnn,6,8,9,0.43
rnn,Rnn,6,9,0,0.559
rnn,Rnn,6,9,1,0.64
rnn,Rnn,6,9,2,0.533
rnn,Rnn,6,9,3,0.56
rnn,Rnn,6,9,4,0.558
rnn,Rnn,6,9,5,0.489
rnn,Rnn,6,9,6,0.521
rnn,Rnn,6,9,7,0.482
rnn,Rnn,6,9,8,0.526
rnn,Rnn,6,9,9,0.488
rnn,Rnn,12,0,0,0.636
rnn,Rnn,12,0,1,0.66
rnn,Rnn,12,0,2,0.678
rnn,Rnn,12,0,3,0.684
rnn,Rnn,12,0,4,0.653
rnn,Rnn,12,0,5,0.609
rnn,Rnn,12,0,6,0.675
rnn,Rnn,12,0,7,0.636
rnn,Rnn,12,0,8,0.647
rnn,Rnn,12,0,9,0.633
rnn,Rnn,12,1,0,0.5
rnn,Rnn,12,1,1,0.516
rnn,Rnn,12,1,2,0.552
rnn,Rnn,12,1,3,0.483
rnn,Rnn,12,1,4,0.511
rnn,Rnn,12,1,5,0.489
rnn,Rnn,12,1,6,0.528
rnn,Rnn,12,1,7,0.501
rnn,Rnn,12,1,8,0.462
rnn,Rnn,12,1,9,0.497
rnn,Rnn,12,2,0,0.667
rnn,Rnn,12,2,1,0.655
rnn,Rnn,12,2,2,0.682
rnn,Rnn,12,2,3,0.722
rnn,Rnn,12,2,4,0.666
rnn,Rnn,12,2,5,0.68
rnn,Rnn,12,2,6,0.674
rnn,Rnn,12,2,7,0.695
rnn,Rnn,12,2,8,0.664
rnn,Rnn,12,2,9,0.699
rnn,Rnn,12,3,0,0.857
rnn,Rnn,12,3,1,0.943
rnn,Rnn,12,3,2,0.817
rnn,Rnn,12,3,3,0.942
rnn,Rnn,12,3,4,0.939
rnn,Rnn,12,3,5,0.925
rnn,Rnn,12,3,6,0.959
rnn,Rnn,12,3,7,0.89
rnn,Rnn,12,3,8,0.954
rnn,Rnn,12,3,9,0.811
rnn,Rnn,12,4,0,1.606
rnn,Rnn,12,4,1,1.535
rnn,Rnn,12,4,2,1.575
rnn,Rnn,12,4,3,1.706
rnn,Rnn,12,4,4,1.476
rnn,Rnn,12,4,5,1.564
rnn,Rnn,12,4,6,1.551
rnn,Rnn,12,4,7,1.589
rnn,Rnn,12,4,8,1.653
rnn,Rnn,12,4,9,1.69
rnn,Rnn,12,5,0,0.699
rnn,Rnn,12,5,1,0.786
rnn,Rnn,12,5,2,0.713
rnn,Rnn,12,5,3,0.721
rnn,Rnn,12,5,4,0.739
rnn,Rnn,12,5,5,0.724
rnn,Rnn,12,5,6,0.679
rnn,Rnn,12,5,7,0.695
rnn,Rnn,12,5,8,0.809
rnn,Rnn,12,5,9,0.717
rnn,Rnn,12,6,0,0.604
rnn,Rnn,12,6,1,0.532
rnn,Rnn,12,6,2,0.522
rnn,Rnn,12,6,3,0.537
rnn,Rnn,12,6,4,0.519
rnn,Rnn,12,6,5,0.584
rnn,Rnn,12,6,6,0.489
rnn,Rnn,12,6,7,0.523
rnn,Rnn,12,6,8,0.612
rnn,Rnn,12,6,9,0.543
rnn,Rnn,12,7,0,1.193
rnn,Rnn,12,7,1,1.188
rnn,Rnn,12,7,2,1.171
rnn,Rnn,12,7,3,1.112
rnn,Rnn,12,7,4,1.251
rnn,Rnn,12,7,5,1.13
rnn,Rnn,12,7,6,1.22
rnn,Rnn,12,7,7,1.211
rnn,Rnn,12,7,8,1.187
rnn,Rnn,12,7,9,1.145
rnn,Rnn,12,8,0,0.626
rnn,Rnn,12,8,1,0.578
rnn,Rnn,12,8,2,0.595
rnn,Rnn,12,8,3,0.574
rnn,Rnn,12,8,4,0.628
rnn,Rnn,12,8,5,0.53
rnn,Rnn,12,8,6,0.617
rnn,Rnn,12,8,7,0.611
rnn,Rnn,12,8,8,0.574
rnn,Rnn,12,8,9,0.602
rnn,Rnn,12,9,0,0.857
rnn,Rnn,12,9,1,0.889
rnn,Rnn,12,9,2,0.962
rnn,Rnn,12,9,3,0.971
rnn,Rnn,12,9,4,0.89
rnn,Rnn,12,9,5,0.827
rnn,Rnn,12,9,6,0.85
rnn,Rnn,12,9,7,0.955
rnn,Rnn,12,9,8,0.895
rnn,Rnn,12,9,9,0.78
posner,Posner,6,0,0,1.531
posner,Posner,6,1,0,1.369
posner,Posner,6,2,0,1.808
posner,Posner,6,3,0,2.222
posner,Posner,6,4,0,2.101
posner,Posner,6,5,0,1.987
posner,Posner,6,6,0,1.932
posner,Posner,6,7,0,1.927
posner,Posner,6,8,0,1.525
posner,Posner,6,9,0,1.395
posner,Posner,12,0,0,1.586
posner,Posner,12,1,0,1.36
posner,Posner,12,2,0,1.844
posner,Posner,12,3,0,2.319
posner,Posner,12,4,0,2.756
posner,Posner,12,5,0,1.979
posner,Posner,12,6,0,1.92
posner,Posner,12,7,0,2.487
posner,Posner,12,8,0,1.52
posner,Posner,12,9,0,1.768
persistence,Persistence,6,0,0,0.419
persistence,Persistence,6,1,0,0.348
persistence,Persistence,6,2,0,0.568
persistence,Persistence,6,3,0,0.725
persistence,Persistence,6,4,0,1.31
persistence,Persistence,6,5,0,0.531
persistence,Persistence,6,6,0,0.392
persistence,Persistence,6,7,0,0.945
persistence,Persistence,6,8,0,0.492
persistence,Persistence,6,9,0,0.769
persistence,Persistence,12,0,0,0.732
persistence,Persistence,12,1,0,0.601
persistence,Persistence,12,2,0,0.874
persistence,Persistence,12,3,0,1.265
persistence,Persistence,12,4,0,2.053
persistence,Persistence,12,5,0,0.867
persistence,Persistence,12,6,0,0.684
persistence,Persistence,12,7,0,1.464
persistence,Persistence,12,8,0,0.782
persistence,Persistence,12,9,0,1.15
autogluon_naive,Naive,6,0,0,0.419
autogluon_naive,Naive,6,0,1,0.419
autogluon_naive,Naive,6,0,2,0.419
autogluon_naive,Naive,6,0,3,0.419
autogluon_naive,Naive,6,0,4,0.419
autogluon_naive,Naive,6,0,5,0.419
autogluon_naive,Naive,6,0,6,0.419
autogluon_naive,Naive,6,0,7,0.419
autogluon_naive,Naive,6,0,8,0.419
autogluon_naive,Naive,6,0,9,0.419
autogluon_naive,Naive,6,1,0,0.348
autogluon_naive,Naive,6,1,1,0.348
autogluon_naive,Naive,6,1,2,0.348
autogluon_naive,Naive,6,1,3,0.348
autogluon_naive,Naive,6,1,4,0.348
autogluon_naive,Naive,6,1,5,0.348
autogluon_naive,Naive,6,1,6,0.348
autogluon_naive,Naive,6,1,7,0.348
autogluon_naive,Naive,6,1,8,0.348
autogluon_naive,Naive,6,1,9,0.348
autogluon_naive,Naive,6,2,0,0.568
autogluon_naive,Naive,6,2,1,0.568
autogluon_naive,Naive,6,2,2,0.568
autogluon_naive,Naive,6,2,3,0.568
autogluon_naive,Naive,6,2,4,0.568
autogluon_naive,Naive,6,2,5,0.568
autogluon_naive,Naive,6,2,6,0.568
autogluon_naive,Naive,6,2,7,0.568
autogluon_naive,Naive,6,2,8,0.568
autogluon_naive,Naive,6,2,9,0.568
autogluon_naive,Naive,6,3,0,0.725
autogluon_naive,Naive,6,3,1,0.725
autogluon_naive,Naive,6,3,2,0.725
autogluon_naive,Naive,6,3,3,0.725
autogluon_naive,Naive,6,3,4,0.725
autogluon_naive,Naive,6,3,5,0.725
autogluon_naive,Naive,6,3,6,0.725
autogluon_naive,Naive,6,3,7,0.725
autogluon_naive,Naive,6,3,8,0.725
autogluon_naive,Naive,6,3,9,0.725
autogluon_naive,Naive,6,4,0,1.31
autogluon_naive,Naive,6,4,1,1.31
autogluon_naive,Naive,6,4,2,1.31
autogluon_naive,Naive,6,4,3,1.31
autogluon_naive,Naive,6,4,4,1.31
autogluon_naive,Naive,6,4,5,1.31
autogluon_naive,Naive,6,4,6,1.31
autogluon_naive,Naive,6,4,7,1.31
autogluon_naive,Naive,6,4,8,1.31
autogluon_naive,Naive,6,4,9,1.31
autogluon_naive,Naive,6,5,0,0.531
autogluon_naive,Naive,6,5,1,0.531
autogluon_naive,Naive,6,5,2,0.531
autogluon_naive,Naive,6,5,3,0.531
autogluon_naive,Naive,6,5,4,0.531
autogluon_naive,Naive,6,5,5,0.531
autogluon_naive,Naive,6,5,6,0.531
autogluon_naive,Naive,6,5,7,0.531
autogluon_naive,Naive,6,5,8,0.531
autogluon_naive,Naive,6,5,9,0.531
autogluon_naive,Naive,6,6,0,0.392
autogluon_naive,Naive,6,6,1,0.392
autogluon_naive,Naive,6,6,2,0.392
autogluon_naive,Naive,6,6,3,0.392
autogluon_naive,Naive,6,6,4,0.392
autogluon_naive,Naive,6,6,5,0.392
autogluon_naive,Naive,6,6,6,0.392
autogluon_naive,Naive,6,6,7,0.392
autogluon_naive,Naive,6,6,8,0.392
autogluon_naive,Naive,6,6,9,0.392
autogluon_naive,Naive,6,7,0,0.945
autogluon_naive,Naive,6,7,1,0.945
autogluon_naive,Naive,6,7,2,0.945
autogluon_naive,Naive,6,7,3,0.945
autogluon_naive,Naive,6,7,4,0.945
autogluon_naive,Naive,6,7,5,0.945
autogluon_naive,Naive,6,7,6,0.945
autogluon_naive,Naive,6,7,7,0.945
autogluon_naive,Naive,6,7,8,0.945
autogluon_naive,Naive,6,7,9,0.945
autogluon_naive,Naive,6,8,0,0.492
autogluon_naive,Naive,6,8,1,0.492
autogluon_naive,Naive,6,8,2,0.492
autogluon_naive,Naive,6,8,3,0.492
autogluon_naive,Naive,6,8,4,0.492
autogluon_naive,Naive,6,8,5,0.492
autogluon_naive,Naive,6,8,6,0.492
autogluon_naive,Naive,6,8,7,0.492
autogluon_naive,Naive,6,8,8,0.492
autogluon_naive,Naive,6,8,9,0.492
autogluon_naive,Naive,6,9,0,0.769
autogluon_naive,Naive,6,9,1,0.769
autogluon_naive,Naive,6,9,2,0.769
autogluon_naive,Naive,6,9,3,0.769
autogluon_naive,Naive,6,9,4,0.769
autogluon_naive,Naive,6,9,5,0.769
autogluon_naive,Naive,6,9,6,0.769
autogluon_naive,Naive,6,9,7,0.769
autogluon_naive,Naive,6,9,8,0.769
autogluon_naive,Naive,6,9,9,0.769
autogluon_naive,Naive,12,0,0,0.732
autogluon_naive,Naive,12,0,1,0.732
autogluon_naive,Naive,12,0,2,0.732
autogluon_naive,Naive,12,0,3,0.732
autogluon_naive,Naive,12,0,4,0.732
autogluon_naive,Naive,12,0,5,0.732
autogluon_naive,Naive,12,0,6,0.732
autogluon_naive,Naive,12,0,7,0.732
autogluon_naive,Naive,12,0,8,0.732
autogluon_naive,Naive,12,0,9,0.732
autogluon_naive,Naive,12,1,0,0.601
autogluon_naive,Naive,12,1,1,0.601
autogluon_naive,Naive,12,1,2,0.601
autogluon_naive,Naive,12,1,3,0.601
autogluon_naive,Naive,12,1,4,0.601
autogluon_naive,Naive,12,1,5,0.601
autogluon_naive,Naive,12,1,6,0.601
autogluon_naive,Naive,12,1,7,0.601
autogluon_naive,Naive,12,1,8,0.601
autogluon_naive,Naive,12,1,9,0.601
autogluon_naive,Naive,12,2,0,0.874
autogluon_naive,Naive,12,2,1,0.874
autogluon_naive,Naive,12,2,2,0.874
autogluon_naive,Naive,12,2,3,0.874
autogluon_naive,Naive,12,2,4,0.874
autogluon_naive,Naive,12,2,5,0.874
autogluon_naive,Naive,12,2,6,0.874
autogluon_naive,Naive,12,2,7,0.874
autogluon_naive,Naive,12,2,8,0.874
autogluon_naive,Naive,12,2,9,0.874
autogluon_naive,Naive,12,3,0,1.265
autogluon_naive,Naive,12,3,1,1.265
autogluon_naive,Naive,12,3,2,1.265
autogluon_naive,Naive,12,3,3,1.265
autogluon_naive,Naive,12,3,4,1.265
autogluon_naive,Naive,12,3,5,1.265
autogluon_naive,Naive,12,3,6,1.265
autogluon_naive,Naive,12,3,7,1.265
autogluon_naive,Naive,12,3,8,1.265
autogluon_naive,Naive,12,3,9,1.265
autogluon_naive,Naive,12,4,0,2.053
autogluon_naive,Naive,12,4,1,2.053
autogluon_naive,Naive,12,4,2,2.053
autogluon_naive,Naive,12,4,3,2.053
autogluon_naive,Naive,12,4,4,2.053
autogluon_naive,Naive,12,4,5,2.053
autogluon_naive,Naive,12,4,6,2.053
autogluon_naive,Naive,12,4,7,2.053
autogluon_naive,Naive,12,4,8,2.053
autogluon_naive,Naive,12,4,9,2.053
autogluon_naive,Naive,12,5,0,0.867
autogluon_naive,Naive,12,5,1,0.867
autogluon_naive,Naive,12,5,2,0.867
autogluon_naive,Naive,12,5,3,0.867
autogluon_naive,Naive,12,5,4,0.867
autogluon_naive,Naive,12,5,5,0.867
autogluon_naive,Naive,12,5,6,0.867
autogluon_naive,Naive,12,5,7,0.867
autogluon_naive,Naive,12,5,8,0.867
autogluon_naive,Naive,12,5,9,0.867
autogluon_naive,Naive,12,6,0,0.684
autogluon_naive,Naive,12,6,1,0.684
autogluon_naive,Naive,12,6,2,0.684
autogluon_naive,Naive,12,6,3,0.684
autogluon_naive,Naive,12,6,4,0.684
autogluon_naive,Naive,12,6,5,0.684
autogluon_naive,Naive,12,6,6,0.684
autogluon_naive,Naive,12,6,7,0.684
autogluon_naive,Naive,12,6,8,0.684
autogluon_naive,Naive,12,6,9,0.684
autogluon_naive,Naive,12,7,0,1.464
autogluon_naive,Naive,12,7,1,1.464
autogluon_naive,Naive,12,7,2,1.464
autogluon_naive,Naive,12,7,3,1.464
autogluon_naive,Naive,12,7,4,1.464
autogluon_naive,Naive,12,7,5,1.464
autogluon_naive,Naive,12,7,6,1.464
autogluon_naive,Naive,12,7,7,1.464
autogluon_naive,Naive,12,7,8,1.464
autogluon_naive,Naive,12,7,9,1.464
autogluon_naive,Naive,12,8,0,0.782
autogluon_naive,Naive,12,8,1,0.782
autogluon_naive,Naive,12,8,2,0.782
autogluon_naive,Naive,12,8,3,0.782
autogluon_naive,Naive,12,8,4,0.782
autogluon_naive,Naive,12,8,5,0.782
autogluon_naive,Naive,12,8,6,0.782
autogluon_naive,Naive,12,8,7,0.782
autogluon_naive,Naive,12,8,8,0.782
autogluon_naive,Naive,12,8,9,0.782
autogluon_naive,Naive,12,9,0,1.15
autogluon_naive,Naive,12,9,1,1.15
autogluon_naive,Naive,12,9,2,1.15
autogluon_naive,Naive,12,9,3,1.15
autogluon_naive,Naive,12,9,4,1.15
autogluon_naive,Naive,12,9,5,1.15
autogluon_naive,Naive,12,9,6,1.15
autogluon_naive,Naive,12,9,7,1.15
autogluon_naive,Naive,12,9,8,1.15
autogluon_naive,Naive,12,9,9,1.15
autogluon_average,Average,6,0,0,0.979
autogluon_average,Average,6,0,1,0.979
autogluon_average,Average,6,0,2,0.979
autogluon_average,Average,6,0,3,0.979
autogluon_average,Average,6,0,4,0.979
autogluon_average,Average,6,0,5,0.979
autogluon_average,Average,6,0,6,0.979
autogluon_average,Average,6,0,7,0.979
autogluon_average,Average,6,0,8,0.979
autogluon_average,Average,6,0,9,0.979
autogluon_average,Average,6,1,0,0.818
autogluon_average,Average,6,1,1,0.818
autogluon_average,Average,6,1,2,0.818
autogluon_average,Average,6,1,3,0.818
autogluon_average,Average,6,1,4,0.818
autogluon_average,Average,6,1,5,0.818
autogluon_average,Average,6,1,6,0.818
autogluon_average,Average,6,1,7,0.818
autogluon_average,Average,6,1,8,0.818
autogluon_average,Average,6,1,9,0.818
autogluon_average,Average,6,2,0,0.968
autogluon_average,Average,6,2,1,0.968
autogluon_average,Average,6,2,2,0.968
autogluon_average,Average,6,2,3,0.968
autogluon_average,Average,6,2,4,0.968
autogluon_average,Average,6,2,5,0.968
autogluon_average,Average,6,2,6,0.968
autogluon_average,Average,6,2,7,0.968
autogluon_average,Average,6,2,8,0.968
autogluon_average,Average,6,2,9,0.968
autogluon_average,Average,6,3,0,1.727
autogluon_average,Average,6,3,1,1.727
autogluon_average,Average,6,3,2,1.727
autogluon_average,Average,6,3,3,1.727
autogluon_average,Average,6,3,4,1.727
autogluon_average,Average,6,3,5,1.727
autogluon_average,Average,6,3,6,1.727
autogluon_average,Average,6,3,7,1.727
autogluon_average,Average,6,3,8,1.727
autogluon_average,Average,6,3,9,1.727
autogluon_average,Average,6,4,0,2.277
autogluon_average,Average,6,4,1,2.277
autogluon_average,Average,6,4,2,2.277
autogluon_average,Average,6,4,3,2.277
autogluon_average,Average,6,4,4,2.277
autogluon_average,Average,6,4,5,2.277
autogluon_average,Average,6,4,6,2.277
autogluon_average,Average,6,4,7,2.277
autogluon_average,Average,6,4,8,2.277
autogluon_average,Average,6,4,9,2.277
autogluon_average,Average,6,5,0,1.082
autogluon_average,Average,6,5,1,1.082
autogluon_average,Average,6,5,2,1.082
autogluon_average,Average,6,5,3,1.082
autogluon_average,Average,6,5,4,1.082
autogluon_average,Average,6,5,5,1.082
autogluon_average,Average,6,5,6,1.082
autogluon_average,Average,6,5,7,1.082
autogluon_average,Average,6,5,8,1.082
autogluon_average,Average,6,5,9,1.082
autogluon_average,Average,6,6,0,0.918
autogluon_average,Average,6,6,1,0.918
autogluon_average,Average,6,6,2,0.918
autogluon_average,Average,6,6,3,0.918
autogluon_average,Average,6,6,4,0.918
autogluon_average,Average,6,6,5,0.918
autogluon_average,Average,6,6,6,0.918
autogluon_average,Average,6,6,7,0.918
autogluon_average,Average,6,6,8,0.918
autogluon_average,Average,6,6,9,0.918
autogluon_average,Average,6,7,0,1.57
autogluon_average,Average,6,7,1,1.57
autogluon_average,Average,6,7,2,1.57
autogluon_average,Average,6,7,3,1.57
autogluon_average,Average,6,7,4,1.57
autogluon_average,Average,6,7,5,1.57
autogluon_average,Average,6,7,6,1.57
autogluon_average,Average,6,7,7,1.57
autogluon_average,Average,6,7,8,1.57
autogluon_average,Average,6,7,9,1.57
autogluon_average,Average,6,8,0,0.916
autogluon_average,Average,6,8,1,0.916
autogluon_average,Average,6,8,2,0.916
autogluon_average,Average,6,8,3,0.916
autogluon_average,Average,6,8,4,0.916
autogluon_average,Average,6,8,5,0.916
autogluon_average,Average,6,8,6,0.916
autogluon_average,Average,6,8,7,0.916
autogluon_average,Average,6,8,8,0.916
autogluon_average,Average,6,8,9,0.916
autogluon_average,Average,6,9,0,1.33
autogluon_average,Average,6,9,1,1.33
autogluon_average,Average,6,9,2,1.33
autogluon_average,Average,6,9,3,1.33
autogluon_average,Average,6,9,4,1.33
autogluon_average,Average,6,9,5,1.33
autogluon_average,Average,6,9,6,1.33
autogluon_average,Average,6,9,7,1.33
autogluon_average,Average,6,9,8,1.33
autogluon_average,Average,6,9,9,1.33
autogluon_average,Average,12,0,0,1.247
autogluon_average,Average,12,0,1,1.247
autogluon_average,Average,12,0,2,1.247
autogluon_average,Average,12,0,3,1.247
autogluon_average,Average,12,0,4,1.247
autogluon_average,Average,12,0,5,1.247
autogluon_average,Average,12,0,6,1.247
autogluon_average,Average,12,0,7,1.247
autogluon_average,Average,12,0,8,1.247
autogluon_average,Average,12,0,9,1.247
autogluon_average,Average,12,1,0,1.077
autogluon_average,Average,12,1,1,1.077
autogluon_average,Average,12,1,2,1.077
autogluon_average,Average,12,1,3,1.077
autogluon_average,Average,12,1,4,1.077
autogluon_average,Average,12,1,5,1.077
autogluon_average,Average,12,1,6,1.077
autogluon_average,Average,12,1,7,1.077
autogluon_average,Average,12,1,8,1.077
autogluon_average,Average,12,1,9,1.077
autogluon_average,Average,12,2,0,1.173
autogluon_average,Average,12,2,1,1.173
autogluon_average,Average,12,2,2,1.173
autogluon_average,Average,12,2,3,1.173
autogluon_average,Average,12,2,4,1.173
autogluon_average,Average,12,2,5,1.173
autogluon_average,Average,12,2,6,1.173
autogluon_average,Average,12,2,7,1.173
autogluon_average,Average,12,2,8,1.173
autogluon_average,Average,12,2,9,1.173
autogluon_average,Average,12,3,0,2.179
autogluon_average,Average,12,3,1,2.179
autogluon_average,Average,12,3,2,2.179
autogluon_average,Average,12,3,3,2.179
autogluon_average,Average,12,3,4,2.179
autogluon_average,Average,12,3,5,2.179
autogluon_average,Average,12,3,6,2.179
autogluon_average,Average,12,3,7,2.179
autogluon_average,Average,12,3,8,2.179
autogluon_average,Average,12,3,9,2.179
autogluon_average,Average,12,4,0,2.63
autogluon_average,Average,12,4,1,2.63
autogluon_average,Average,12,4,2,2.63
autogluon_average,Average,12,4,3,2.63
autogluon_average,Average,12,4,4,2.63
autogluon_average,Average,12,4,5,2.63
autogluon_average,Average,12,4,6,2.63
autogluon_average,Average,12,4,7,2.63
autogluon_average,Average,12,4,8,2.63
autogluon_average,Average,12,4,9,2.63
autogluon_average,Average,12,5,0,1.371
autogluon_average,Average,12,5,1,1.371
autogluon_average,Average,12,5,2,1.371
autogluon_average,Average,12,5,3,1.371
autogluon_average,Average,12,5,4,1.371
autogluon_average,Average,12,5,5,1.371
autogluon_average,Average,12,5,6,1.371
autogluon_average,Average,12,5,7,1.371
autogluon_average,Average,12,5,8,1.371
autogluon_average,Average,12,5,9,1.371
autogluon_average,Average,12,6,0,1.153
autogluon_average,Average,12,6,1,1.153
autogluon_average,Average,12,6,2,1.153
autogluon_average,Average,12,6,3,1.153
autogluon_average,Average,12,6,4,1.153
autogluon_average,Average,12,6,5,1.153
autogluon_average,Average,12,6,6,1.153
autogluon_average,Average,12,6,7,1.153
autogluon_average,Average,12,6,8,1.153
autogluon_average,Average,12,6,9,1.153
autogluon_average,Average,12,7,0,1.785
autogluon_average,Average,12,7,1,1.785
autogluon_average,Average,12,7,2,1.785
autogluon_average,Average,12,7,3,1.785
autogluon_average,Average,12,7,4,1.785
autogluon_average,Average,12,7,5,1.785
autogluon_average,Average,12,7,6,1.785
autogluon_average,Average,12,7,7,1.785
autogluon_average,Average,12,7,8,1.785
autogluon_average,Average,12,7,9,1.785
autogluon_average,Average,12,8,0,1.109
autogluon_average,Average,12,8,1,1.109
autogluon_average,Average,12,8,2,1.109
autogluon_average,Average,12,8,3,1.109
autogluon_average,Average,12,8,4,1.109
autogluon_average,Average,12,8,5,1.109
autogluon_average,Average,12,8,6,1.109
autogluon_average,Average,12,8,7,1.109
autogluon_average,Average,12,8,8,1.109
autogluon_average,Average,12,8,9,1.109
autogluon_average,Average,12,9,0,1.568
autogluon_average,Average,12,9,1,1.568
autogluon_average,Average,12,9,2,1.568
autogluon_average,Average,12,9,3,1.568
autogluon_average,Average,12,9,4,1.568
autogluon_average,Average,12,9,5,1.568
autogluon_average,Average,12,9,6,1.568
autogluon_average,Average,12,9,7,1.568
autogluon_average,Average,12,9,8,1.568
autogluon_average,Average,12,9,9,1.568
autogluon_temporalfusiontransformer,TemporalFusionTransformer,6,0,0,0.757
autogluon_temporalfusiontransformer,TemporalFusionTransformer,6,0,1,0.923
autogluon_temporalfusiontransformer,TemporalFusionTransformer,6,0,2,0.84
autogluon_temporalfusiontransformer,TemporalFusionTransformer,6,0,3,0.884
autogluon_temporalfusiontransformer,TemporalFusionTransformer,6,0,4,0.571
autogluon_temporalfusiontransformer,TemporalFusionTransformer,6,0,5,0.8
autogluon_temporalfusiontransformer,TemporalFusionTransformer,6,0,6,0.891
autogluon_temporalfusiontransformer,TemporalFusionTransformer,6,0,7,0.847
autogluon_temporalfusiontransformer,TemporalFusionTransformer,6,0,8,0.829
autogluon_temporalfusiontransformer,TemporalFusionTransformer,6,0,9,0.817
autogluon_temporalfusiontransformer,TemporalFusionTransformer,6,1,0,0.68
autogluon_temporalfusiontransformer,TemporalFusionTransformer,6,1,1,0.63
autogluon_temporalfusiontransformer,TemporalFusionTransformer,6,1,2,0.733
autogluon_temporalfusiontransformer,TemporalFusionTransformer,6,1,3,0.719
autogluon_temporalfusiontransformer,TemporalFusionTransformer,6,1,4,0.625
autogluon_temporalfusiontransformer,TemporalFusionTransformer,6,1,5,0.729
autogluon_temporalfusiontransformer,TemporalFusionTransformer,6,1,6,0.736
autogluon_temporalfusiontransformer,TemporalFusionTransformer,6,1,7,0.643
autogluon_temporalfusiontransformer,TemporalFusionTransformer,6,1,8,0.777
autogluon_temporalfusiontransformer,TemporalFusionTransformer,6,1,9,0.731
autogluon_temporalfusiontransformer,TemporalFusionTransformer,6,2,0,0.806
autogluon_temporalfusiontransformer,TemporalFusionTransformer,6,2,1,0.799
autogluon_temporalfusiontransformer,TemporalFusionTransformer,6,2,2,0.855
autogluon_temporalfusiontransformer,TemporalFusionTransformer,6,2,3,0.819
autogluon_temporalfusiontransformer,TemporalFusionTransformer,6,2,4,0.885
autogluon_temporalfusiontransformer,TemporalFusionTransformer,6,2,5,0.881
autogluon_temporalfusiontransformer,TemporalFusionTransformer,6,2,6,0.901
autogluon_temporalfusiontransformer,TemporalFusionTransformer,6,2,7,0.874
autogluon_temporalfusiontransformer,TemporalFusionTransformer,6,2,8,0.907
autogluon_temporalfusiontransformer,TemporalFusionTransformer,6,2,9,0.966
autogluon_temporalfusiontransformer,TemporalFusionTransformer,6,3,0,1.562
autogluon_temporalfusiontransformer,TemporalFusionTransformer,6,3,1,1.502
autogluon_temporalfusiontransformer,TemporalFusionTransformer,6,3,2,1.566
autogluon_temporalfusiontransformer,TemporalFusionTransformer,6,3,3,1.495
autogluon_temporalfusiontransformer,TemporalFusionTransformer,6,3,4,1.527
autogluon_temporalfusiontransformer,TemporalFusionTransformer,6,3,5,1.376
autogluon_temporalfusiontransformer,TemporalFusionTransformer,6,3,6,1.541
autogluon_temporalfusiontransformer,TemporalFusionTransformer,6,3,7,1.584
autogluon_temporalfusiontransformer,TemporalFusionTransformer,6,3,8,1.7
autogluon_temporalfusiontransformer,TemporalFusionTransformer,6,3,9,1.667
autogluon_temporalfusiontransformer,TemporalFusionTransformer,6,4,0,2.134
autogluon_temporalfusiontransformer,TemporalFusionTransformer,6,4,1,2.113
autogluon_temporalfusiontransformer,TemporalFusionTransformer,6,4,2,1.997
autogluon_temporalfusiontransformer,TemporalFusionTransformer,6,4,3,2.112
autogluon_temporalfusiontransformer,TemporalFusionTransformer,6,4,4,1.833
autogluon_temporalfusiontransformer,TemporalFusionTransformer,6,4,5,2.164
autogluon_temporalfusiontransformer,TemporalFusionTransformer,6,4,6,2.163
autogluon_temporalfusiontransformer,TemporalFusionTransformer,6,4,7,2.07
autogluon_temporalfusiontransformer,TemporalFusionTransformer,6,4,8,2.128
autogluon_temporalfusiontransformer,TemporalFusionTransformer,6,4,9,2.158
autogluon_temporalfusiontransformer,TemporalFusionTransformer,6,5,0,1.018
autogluon_temporalfusiontransformer,TemporalFusionTransformer,6,5,1,0.956
autogluon_temporalfusiontransformer,TemporalFusionTransformer,6,5,2,0.955
autogluon_temporalfusiontransformer,TemporalFusionTransformer,6,5,3,0.946
autogluon_temporalfusiontransformer,TemporalFusionTransformer,6,5,4,1.039
autogluon_temporalfusiontransformer,TemporalFusionTransformer,6,5,5,0.997
autogluon_temporalfusiontransformer,TemporalFusionTransformer,6,5,6,0.964
autogluon_temporalfusiontransformer,TemporalFusionTransformer,6,5,7,0.938
autogluon_temporalfusiontransformer,TemporalFusionTransformer,6,5,8,0.657
autogluon_temporalfusiontransformer,TemporalFusionTransformer,6,5,9,0.877
autogluon_temporalfusiontransformer,TemporalFusionTransformer,6,6,0,0.809
autogluon_temporalfusiontransformer,TemporalFusionTransformer,6,6,1,0.811
autogluon_temporalfusiontransformer,TemporalFusionTransformer,6,6,2,0.85
autogluon_temporalfusiontransformer,TemporalFusionTransformer,6,6,3,0.88
autogluon_temporalfusiontransformer,TemporalFusionTransformer,6,6,4,0.936
autogluon_temporalfusiontransformer,TemporalFusionTransformer,6,6,5,0.798
autogluon_temporalfusiontransformer,TemporalFusionTransformer,6,6,6,0.828
autogluon_temporalfusiontransformer,TemporalFusionTransformer,6,6,7,0.79
autogluon_temporalfusiontransformer,TemporalFusionTransformer,6,6,8,0.77
autogluon_temporalfusiontransformer,TemporalFusionTransformer,6,6,9,0.859
autogluon_temporalfusiontransformer,TemporalFusionTransformer,6,7,0,1.495
autogluon_temporalfusiontransformer,TemporalFusionTransformer,6,7,1,1.473
autogluon_temporalfusiontransformer,TemporalFusionTransformer,6,7,2,1.419
autogluon_temporalfusiontransformer,TemporalFusionTransformer,6,7,3,1.578
autogluon_temporalfusiontransformer,TemporalFusionTransformer,6,7,4,1.427
autogluon_temporalfusiontransformer,TemporalFusionTransformer,6,7,5,1.4
autogluon_temporalfusiontransformer,TemporalFusionTransformer,6,7,6,1.448
autogluon_temporalfusiontransformer,TemporalFusionTransformer,6,7,7,1.46
autogluon_temporalfusiontransformer,TemporalFusionTransformer,6,7,8,1.454
autogluon_temporalfusiontransformer,TemporalFusionTransformer,6,7,9,1.688
autogluon_temporalfusiontransformer,TemporalFusionTransformer,6,8,0,0.751
autogluon_temporalfusiontransformer,TemporalFusionTransformer,6,8,1,0.895
autogluon_temporalfusiontransformer,TemporalFusionTransformer,6,8,2,0.793
autogluon_temporalfusiontransformer,TemporalFusionTransformer,6,8,3,0.835
autogluon_temporalfusiontransformer,TemporalFusionTransformer,6,8,4,0.849
autogluon_temporalfusiontransformer,TemporalFusionTransformer,6,8,5,0.897
autogluon_temporalfusiontransformer,TemporalFusionTransformer,6,8,6,0.841
autogluon_temporalfusiontransformer,TemporalFusionTransformer,6,8,7,0.611
autogluon_temporalfusiontransformer,TemporalFusionTransformer,6,8,8,0.872
autogluon_temporalfusiontransformer,TemporalFusionTransformer,6,8,9,0.856
autogluon_temporalfusiontransformer,TemporalFusionTransformer,6,9,0,1.224
autogluon_temporalfusiontransformer,TemporalFusionTransformer,6,9,1,1.263
autogluon_temporalfusiontransformer,TemporalFusionTransformer,6,9,2,1.182
autogluon_temporalfusiontransformer,TemporalFusionTransformer,6,9,3,1.241
autogluon_temporalfusiontransformer,TemporalFusionTransformer,6,9,4,1.219
autogluon_temporalfusiontransformer,TemporalFusionTransformer,6,9,5,1.286
autogluon_temporalfusiontransformer,TemporalFusionTransformer,6,9,6,1.22
autogluon_temporalfusiontransformer,TemporalFusionTransformer,6,9,7,1.175
autogluon_temporalfusiontransformer,TemporalFusionTransformer,6,9,8,1.225
autogluon_temporalfusiontransformer,TemporalFusionTransformer,6,9,9,1.245
autogluon_temporalfusiontransformer,TemporalFusionTransformer,12,0,0,1.258
autogluon_temporalfusiontransformer,TemporalFusionTransformer,12,0,1,1.253
autogluon_temporalfusiontransformer,TemporalFusionTransformer,12,0,2,1.114
autogluon_temporalfusiontransformer,TemporalFusionTransformer,12,0,3,1.123
autogluon_temporalfusiontransformer,TemporalFusionTransformer,12,0,4,1.188
autogluon_temporalfusiontransformer,TemporalFusionTransformer,12,0,5,1.166
autogluon_temporalfusiontransformer,TemporalFusionTransformer,12,0,6,1.273
autogluon_temporalfusiontransformer,TemporalFusionTransformer,12,0,7,1.158
autogluon_temporalfusiontransformer,TemporalFusionTransformer,12,0,8,1.205
autogluon_temporalfusiontransformer,TemporalFusionTransformer,12,0,9,1.183
autogluon_temporalfusiontransformer,TemporalFusionTransformer,12,1,0,1.054
autogluon_temporalfusiontransformer,TemporalFusionTransformer,12,1,1,1.088
autogluon_temporalfusiontransformer,TemporalFusionTransformer,12,1,2,1.031
autogluon_temporalfusiontransformer,TemporalFusionTransformer,12,1,3,1.063
autogluon_temporalfusiontransformer,TemporalFusionTransformer,12,1,4,1.027
autogluon_temporalfusiontransformer,TemporalFusionTransformer,12,1,5,1.044
autogluon_temporalfusiontransformer,TemporalFusionTransformer,12,1,6,1.042
autogluon_temporalfusiontransformer,TemporalFusionTransformer,12,1,7,1.035
autogluon_temporalfusiontransformer,TemporalFusionTransformer,12,1,8,1.097
autogluon_temporalfusiontransformer,TemporalFusionTransformer,12,1,9,1.06
autogluon_temporalfusiontransformer,TemporalFusionTransformer,12,2,0,1.089
autogluon_temporalfusiontransformer,TemporalFusionTransformer,12,2,1,1.082
autogluon_temporalfusiontransformer,TemporalFusionTransformer,12,2,2,1.089
autogluon_temporalfusiontransformer,TemporalFusionTransformer,12,2,3,1.132
autogluon_temporalfusiontransformer,TemporalFusionTransformer,12,2,4,1.138
autogluon_temporalfusiontransformer,TemporalFusionTransformer,12,2,5,1.119
autogluon_temporalfusiontransformer,TemporalFusionTransformer,12,2,6,1.109
autogluon_temporalfusiontransformer,TemporalFusionTransformer,12,2,7,1.105
autogluon_temporalfusiontransformer,TemporalFusionTransformer,12,2,8,1.103
autogluon_temporalfusiontransformer,TemporalFusionTransformer,12,2,9,1.111
autogluon_temporalfusiontransformer,TemporalFusionTransformer,12,3,0,2.135
autogluon_temporalfusiontransformer,TemporalFusionTransformer,12,3,1,2.037
autogluon_temporalfusiontransformer,TemporalFusionTransformer,12,3,2,1.993
autogluon_temporalfusiontransformer,TemporalFusionTransformer,12,3,3,2.119
autogluon_temporalfusiontransformer,TemporalFusionTransformer,12,3,4,2.111
autogluon_temporalfusiontransformer,TemporalFusionTransformer,12,3,5,2.063
autogluon_temporalfusiontransformer,TemporalFusionTransformer,12,3,6,2.056
autogluon_temporalfusiontransformer,TemporalFusionTransformer,12,3,7,2.053
autogluon_temporalfusiontransformer,TemporalFusionTransformer,12,3,8,2.013
autogluon_temporalfusiontransformer,TemporalFusionTransformer,12,3,9,2.031
autogluon_temporalfusiontransformer,TemporalFusionTransformer,12,4,0,2.586
autogluon_temporalfusiontransformer,TemporalFusionTransformer,12,4,1,2.59
autogluon_temporalfusiontransformer,TemporalFusionTransformer,12,4,2,2.466
autogluon_temporalfusiontransformer,TemporalFusionTransformer,12,4,3,2.59
autogluon_temporalfusiontransformer,TemporalFusionTransformer,12,4,4,2.542
autogluon_temporalfusiontransformer,TemporalFusionTransformer,12,4,5,2.564
autogluon_temporalfusiontransformer,TemporalFusionTransformer,12,4,6,2.629
autogluon_temporalfusiontransformer,TemporalFusionTransformer,12,4,7,2.623
autogluon_temporalfusiontransformer,TemporalFusionTransformer,12,4,8,2.62
autogluon_temporalfusiontransformer,TemporalFusionTransformer,12,4,9,2.43
autogluon_temporalfusiontransformer,TemporalFusionTransformer,12,5,0,1.344
autogluon_temporalfusiontransformer,TemporalFusionTransformer,12,5,1,1.335
autogluon_temporalfusiontransformer,TemporalFusionTransformer,12,5,2,1.359
autogluon_temporalfusiontransformer,TemporalFusionTransformer,12,5,3,1.202
autogluon_temporalfusiontransformer,TemporalFusionTransformer,12,5,4,1.418
autogluon_temporalfusiontransformer,TemporalFusionTransformer,12,5,5,1.275
autogluon_temporalfusiontransformer,TemporalFusionTransformer,12,5,6,1.327
autogluon_temporalfusiontransformer,TemporalFusionTransformer,12,5,7,1.353
autogluon_temporalfusiontransformer,TemporalFusionTransformer,12,5,8,1.319
autogluon_temporalfusiontransformer,TemporalFusionTransformer,12,5,9,1.263
autogluon_temporalfusiontransformer,TemporalFusionTransformer,12,6,0,1.078
autogluon_temporalfusiontransformer,TemporalFusionTransformer,12,6,1,1.127
autogluon_temporalfusiontransformer,TemporalFusionTransformer,12,6,2,1.143
autogluon_temporalfusiontransformer,TemporalFusionTransformer,12,6,3,1.087
autogluon_temporalfusiontransformer,TemporalFusionTransformer,12,6,4,1.136
autogluon_temporalfusiontransformer,TemporalFusionTransformer,12,6,5,1.13
autogluon_temporalfusiontransformer,TemporalFusionTransformer,12,6,6,1.155
autogluon_temporalfusiontransformer,TemporalFusionTransformer,12,6,7,1.105
autogluon_temporalfusiontransformer,TemporalFusionTransformer,12,6,8,1.07
autogluon_temporalfusiontransformer,TemporalFusionTransformer,12,6,9,1.138
autogluon_temporalfusiontransformer,TemporalFusionTransformer,12,7,0,1.73
autogluon_temporalfusiontransformer,TemporalFusionTransformer,12,7,1,1.763
autogluon_temporalfusiontransformer,TemporalFusionTransformer,12,7,2,1.499
autogluon_temporalfusiontransformer,TemporalFusionTransformer,12,7,3,1.751
autogluon_temporalfusiontransformer,TemporalFusionTransformer,12,7,4,1.725
autogluon_temporalfusiontransformer,TemporalFusionTransformer,12,7,5,1.78
autogluon_temporalfusiontransformer,TemporalFusionTransformer,12,7,6,1.74
autogluon_temporalfusiontransformer,TemporalFusionTransformer,12,7,7,1.777
autogluon_temporalfusiontransformer,TemporalFusionTransformer,12,7,8,1.788
autogluon_temporalfusiontransformer,TemporalFusionTransformer,12,7,9,1.732
autogluon_temporalfusiontransformer,TemporalFusionTransformer,12,8,0,1.044
autogluon_temporalfusiontransformer,TemporalFusionTransformer,12,8,1,1.008
autogluon_temporalfusiontransformer,TemporalFusionTransformer,12,8,2,1.079
autogluon_temporalfusiontransformer,TemporalFusionTransformer,12,8,3,1.083
autogluon_temporalfusiontransformer,TemporalFusionTransformer,12,8,4,1.039
autogluon_temporalfusiontransformer,TemporalFusionTransformer,12,8,5,1.071
autogluon_temporalfusiontransformer,TemporalFusionTransformer,12,8,6,1.025
autogluon_temporalfusiontransformer,TemporalFusionTransformer,12,8,7,1.046
autogluon_temporalfusiontransformer,TemporalFusionTransformer,12,8,8,1.08
autogluon_temporalfusiontransformer,TemporalFusionTransformer,12,8,9,1.099
autogluon_temporalfusiontransformer,TemporalFusionTransformer,12,9,0,1.556
autogluon_temporalfusiontransformer,TemporalFusionTransformer,12,9,1,1.542
autogluon_temporalfusiontransformer,TemporalFusionTransformer,12,9,2,1.485
autogluon_temporalfusiontransformer,TemporalFusionTransformer,12,9,3,1.578
autogluon_temporalfusiontransformer,TemporalFusionTransformer,12,9,4,1.516
autogluon_temporalfusiontransformer,TemporalFusionTransformer,12,9,5,1.477
autogluon_temporalfusiontransformer,TemporalFusionTransformer,12,9,6,1.532
autogluon_temporalfusiontransformer,TemporalFusionTransformer,12,9,7,1.539
autogluon_temporalfusiontransformer,TemporalFusionTransformer,12,9,8,1.528
autogluon_temporalfusiontransformer,TemporalFusionTransformer,12,9,9,1.563
autogluon_chronos-2,Chronos-2,6,0,0,0.436
autogluon_chronos-2,Chronos-2,6,0,1,0.436
autogluon_chronos-2,Chronos-2,6,0,2,0.436
autogluon_chronos-2,Chronos-2,6,0,3,0.436
autogluon_chronos-2,Chronos-2,6,0,4,0.436
autogluon_chronos-2,Chronos-2,6,0,5,0.436
autogluon_chronos-2,Chronos-2,6,0,6,0.436
autogluon_chronos-2,Chronos-2,6,0,7,0.436
autogluon_chronos-2,Chronos-2,6,0,8,0.436
autogluon_chronos-2,Chronos-2,6,0,9,0.436
autogluon_chronos-2,Chronos-2,6,1,0,0.372
autogluon_chronos-2,Chronos-2,6,1,1,0.372
autogluon_chronos-2,Chronos-2,6,1,2,0.372
autogluon_chronos-2,Chronos-2,6,1,3,0.372
autogluon_chronos-2,Chronos-2,6,1,4,0.372
autogluon_chronos-2,Chronos-2,6,1,5,0.372
autogluon_chronos-2,Chronos-2,6,1,6,0.372
autogluon_chronos-2,Chronos-2,6,1,7,0.372
autogluon_chronos-2,Chronos-2,6,1,8,0.372
autogluon_chronos-2,Chronos-2,6,1,9,0.372
autogluon_chronos-2,Chronos-2,6,2,0,0.608
autogluon_chronos-2,Chronos-2,6,2,1,0.608
autogluon_chronos-2,Chronos-2,6,2,2,0.608
autogluon_chronos-2,Chronos-2,6,2,3,0.608
autogluon_chronos-2,Chronos-2,6,2,4,0.608
autogluon_chronos-2,Chronos-2,6,2,5,0.608
autogluon_chronos-2,Chronos-2,6,2,6,0.608
autogluon_chronos-2,Chronos-2,6,2,7,0.608
autogluon_chronos-2,Chronos-2,6,2,8,0.608
autogluon_chronos-2,Chronos-2,6,2,9,0.608
autogluon_chronos-2,Chronos-2,6,3,0,0.715
autogluon_chronos-2,Chronos-2,6,3,1,0.715
autogluon_chronos-2,Chronos-2,6,3,2,0.715
autogluon_chronos-2,Chronos-2,6,3,3,0.715
autogluon_chronos-2,Chronos-2,6,3,4,0.715
autogluon_chronos-2,Chronos-2,6,3,5,0.715
autogluon_chronos-2,Chronos-2,6,3,6,0.715
autogluon_chronos-2,Chronos-2,6,3,7,0.715
autogluon_chronos-2,Chronos-2,6,3,8,0.715
autogluon_chronos-2,Chronos-2,6,3,9,0.715
autogluon_chronos-2,Chronos-2,6,4,0,1.354
autogluon_chronos-2,Chronos-2,6,4,1,1.354
autogluon_chronos-2,Chronos-2,6,4,2,1.354
autogluon_chronos-2,Chronos-2,6,4,3,1.354
autogluon_chronos-2,Chronos-2,6,4,4,1.354
autogluon_chronos-2,Chronos-2,6,4,5,1.354
autogluon_chronos-2,Chronos-2,6,4,6,1.354
autogluon_chronos-2,Chronos-2,6,4,7,1.354
autogluon_chronos-2,Chronos-2,6,4,8,1.354
autogluon_chronos-2,Chronos-2,6,4,9,1.354
autogluon_chronos-2,Chronos-2,6,5,0,0.538
autogluon_chronos-2,Chronos-2,6,5,1,0.538
autogluon_chronos-2,Chronos-2,6,5,2,0.538
autogluon_chronos-2,Chronos-2,6,5,3,0.538
autogluon_chronos-2,Chronos-2,6,5,4,0.538
autogluon_chronos-2,Chronos-2,6,5,5,0.538
autogluon_chronos-2,Chronos-2,6,5,6,0.538
autogluon_chronos-2,Chronos-2,6,5,7,0.538
autogluon_chronos-2,Chronos-2,6,5,8,0.538
autogluon_chronos-2,Chronos-2,6,5,9,0.538
autogluon_chronos-2,Chronos-2,6,6,0,0.412
autogluon_chronos-2,Chronos-2,6,6,1,0.412
autogluon_chronos-2,Chronos-2,6,6,2,0.412
autogluon_chronos-2,Chronos-2,6,6,3,0.412
autogluon_chronos-2,Chronos-2,6,6,4,0.412
autogluon_chronos-2,Chronos-2,6,6,5,0.412
autogluon_chronos-2,Chronos-2,6,6,6,0.412
autogluon_chronos-2,Chronos-2,6,6,7,0.412
autogluon_chronos-2,Chronos-2,6,6,8,0.412
autogluon_chronos-2,Chronos-2,6,6,9,0.412
autogluon_chronos-2,Chronos-2,6,7,0,0.981
autogluon_chronos-2,Chronos-2,6,7,1,0.981
autogluon_chronos-2,Chronos-2,6,7,2,0.981
autogluon_chronos-2,Chronos-2,6,7,3,0.981
autogluon_chronos-2,Chronos-2,6,7,4,0.981
autogluon_chronos-2,Chronos-2,6,7,5,0.981
autogluon_chronos-2,Chronos-2,6,7,6,0.981
autogluon_chronos-2,Chronos-2,6,7,7,0.981
autogluon_chronos-2,Chronos-2,6,7,8,0.981
autogluon_chronos-2,Chronos-2,6,7,9,0.981
autogluon_chronos-2,Chronos-2,6,8,0,0.543
autogluon_chronos-2,Chronos-2,6,8,1,0.543
autogluon_chronos-2,Chronos-2,6,8,2,0.543
autogluon_chronos-2,Chronos-2,6,8,3,0.543
autogluon_chronos-2,Chronos-2,6,8,4,0.543
autogluon_chronos-2,Chronos-2,6,8,5,0.543
autogluon_chronos-2,Chronos-2,6,8,6,0.543
autogluon_chronos-2,Chronos-2,6,8,7,0.543
autogluon_chronos-2,Chronos-2,6,8,8,0.543
autogluon_chronos-2,Chronos-2,6,8,9,0.543
autogluon_chronos-2,Chronos-2,6,9,0,0.807
autogluon_chronos-2,Chronos-2,6,9,1,0.807
autogluon_chronos-2,Chronos-2,6,9,2,0.807
autogluon_chronos-2,Chronos-2,6,9,3,0.807
autogluon_chronos-2,Chronos-2,6,9,4,0.807
autogluon_chronos-2,Chronos-2,6,9,5,0.807
autogluon_chronos-2,Chronos-2,6,9,6,0.807
autogluon_chronos-2,Chronos-2,6,9,7,0.807
autogluon_chronos-2,Chronos-2,6,9,8,0.807
autogluon_chronos-2,Chronos-2,6,9,9,0.807
autogluon_chronos-2,Chronos-2,12,0,0,0.783
autogluon_chronos-2,Chronos-2,12,0,1,0.783
autogluon_chronos-2,Chronos-2,12,0,2,0.783
autogluon_chronos-2,Chronos-2,12,0,3,0.783
autogluon_chronos-2,Chronos-2,12,0,4,0.783
autogluon_chronos-2,Chronos-2,12,0,5,0.783
autogluon_chronos-2,Chronos-2,12,0,6,0.783
autogluon_chronos-2,Chronos-2,12,0,7,0.783
autogluon_chronos-2,Chronos-2,12,0,8,0.783
autogluon_chronos-2,Chronos-2,12,0,9,0.783
autogluon_chronos-2,Chronos-2,12,1,0,0.653
autogluon_chronos-2,Chronos-2,12,1,1,0.653
autogluon_chronos-2,Chronos-2,12,1,2,0.653
autogluon_chronos-2,Chronos-2,12,1,3,0.653
autogluon_chronos-2,Chronos-2,12,1,4,0.653
autogluon_chronos-2,Chronos-2,12,1,5,0.653
autogluon_chronos-2,Chronos-2,12,1,6,0.653
autogluon_chronos-2,Chronos-2,12,1,7,0.653
autogluon_chronos-2,Chronos-2,12,1,8,0.653
autogluon_chronos-2,Chronos-2,12,1,9,0.653
autogluon_chronos-2,Chronos-2,12,2,0,0.9
autogluon_chronos-2,Chronos-2,12,2,1,0.9
autogluon_chronos-2,Chronos-2,12,2,2,0.9
autogluon_chronos-2,Chronos-2,12,2,3,0.9
autogluon_chronos-2,Chronos-2,12,2,4,0.9
autogluon_chronos-2,Chronos-2,12,2,5,0.9
autogluon_chronos-2,Chronos-2,12,2,6,0.9
autogluon_chronos-2,Chronos-2,12,2,7,0.9
autogluon_chronos-2,Chronos-2,12,2,8,0.9
autogluon_chronos-2,Chronos-2,12,2,9,0.9
autogluon_chronos-2,Chronos-2,12,3,0,1.28
autogluon_chronos-2,Chronos-2,12,3,1,1.28
autogluon_chronos-2,Chronos-2,12,3,2,1.28
autogluon_chronos-2,Chronos-2,12,3,3,1.28
autogluon_chronos-2,Chronos-2,12,3,4,1.28
autogluon_chronos-2,Chronos-2,12,3,5,1.28
autogluon_chronos-2,Chronos-2,12,3,6,1.28
autogluon_chronos-2,Chronos-2,12,3,7,1.28
autogluon_chronos-2,Chronos-2,12,3,8,1.28
autogluon_chronos-2,Chronos-2,12,3,9,1.28
autogluon_chronos-2,Chronos-2,12,4,0,2.102
autogluon_chronos-2,Chronos-2,12,4,1,2.102
autogluon_chronos-2,Chronos-2,12,4,2,2.102
autogluon_chronos-2,Chronos-2,12,4,3,2.102
autogluon_chronos-2,Chronos-2,12,4,4,2.102
autogluon_chronos-2,Chronos-2,12,4,5,2.102
autogluon_chronos-2,Chronos-2,12,4,6,2.102
autogluon_chronos-2,Chronos-2,12,4,7,2.102
autogluon_chronos-2,Chronos-2,12,4,8,2.102
autogluon_chronos-2,Chronos-2,12,4,9,2.102
autogluon_chronos-2,Chronos-2,12,5,0,0.875
autogluon_chronos-2,Chronos-2,12,5,1,0.875
autogluon_chronos-2,Chronos-2,12,5,2,0.875
autogluon_chronos-2,Chronos-2,12,5,3,0.875
autogluon_chronos-2,Chronos-2,12,5,4,0.875
autogluon_chronos-2,Chronos-2,12,5,5,0.875
autogluon_chronos-2,Chronos-2,12,5,6,0.875
autogluon_chronos-2,Chronos-2,12,5,7,0.875
autogluon_chronos-2,Chronos-2,12,5,8,0.875
autogluon_chronos-2,Chronos-2,12,5,9,0.875
autogluon_chronos-2,Chronos-2,12,6,0,0.736
autogluon_chronos-2,Chronos-2,12,6,1,0.736
autogluon_chronos-2,Chronos-2,12,6,2,0.736
autogluon_chronos-2,Chronos-2,12,6,3,0.736
autogluon_chronos-2,Chronos-2,12,6,4,0.736
autogluon_chronos-2,Chronos-2,12,6,5,0.736
autogluon_chronos-2,Chronos-2,12,6,6,0.736
autogluon_chronos-2,Chronos-2,12,6,7,0.736
autogluon_chronos-2,Chronos-2,12,6,8,0.736
autogluon_chronos-2,Chronos-2,12,6,9,0.736
autogluon_chronos-2,Chronos-2,12,7,0,1.509
autogluon_chronos-2,Chronos-2,12,7,1,1.509
autogluon_chronos-2,Chronos-2,12,7,2,1.509
autogluon_chronos-2,Chronos-2,12,7,3,1.509
autogluon_chronos-2,Chronos-2,12,7,4,1.509
autogluon_chronos-2,Chronos-2,12,7,5,1.509
autogluon_chronos-2,Chronos-2,12,7,6,1.509
autogluon_chronos-2,Chronos-2,12,7,7,1.509
autogluon_chronos-2,Chronos-2,12,7,8,1.509
autogluon_chronos-2,Chronos-2,12,7,9,1.509
autogluon_chronos-2,Chronos-2,12,8,0,0.843
autogluon_chronos-2,Chronos-2,12,8,1,0.843
autogluon_chronos-2,Chronos-2,12,8,2,0.843
autogluon_chronos-2,Chronos-2,12,8,3,0.843
autogluon_chronos-2,Chronos-2,12,8,4,0.843
autogluon_chronos-2,Chronos-2,12,8,5,0.843
autogluon_chronos-2,Chronos-2,12,8,6,0.843
autogluon_chronos-2,Chronos-2,12,8,7,0.843
autogluon_chronos-2,Chronos-2,12,8,8,0.843
autogluon_chronos-2,Chronos-2,12,8,9,0.843
autogluon_chronos-2,Chronos-2,12,9,0,1.194
autogluon_chronos-2,Chronos-2,12,9,1,1.194
autogluon_chronos-2,Chronos-2,12,9,2,1.194
autogluon_chronos-2,Chronos-2,12,9,3,1.194
autogluon_chronos-2,Chronos-2,12,9,4,1.194
autogluon_chronos-2,Chronos-2,12,9,5,1.194
autogluon_chronos-2,Chronos-2,12,9,6,1.194
autogluon_chronos-2,Chronos-2,12,9,7,1.194
autogluon_chronos-2,Chronos-2,12,9,8,1.194
autogluon_chronos-2,Chronos-2,12,9,9,1.194
